[ 
  {"nombre":	"Aguirre"},
  {"nombre":	"Alajuela"},
  {"nombre":	"Cañas"},
  {"nombre":	"Cartago"},
  {"nombre":	"Coto"},
  {"nombre":	"Desamparados"},
  {"nombre":	"Grande de Térraba"},
  {"nombre":	"Guápiles"},
  {"nombre":	"Heredia"},
  {"nombre":	"Liberia"},
  {"nombre":	"Limón"},
  {"nombre":	"Los Santos"},
  {"nombre":	"Nicoya"},
  {"nombre":	"Norte Norte"},
  {"nombre":	"Occidente"},
  {"nombre":	"Peninsular"},
  {"nombre":	"Pérez Zeledón"},
  {"nombre":	"Puntarenas"},
  {"nombre":	"Puriscal"},
  {"nombre":	"San Carlos"},
  {"nombre":	"San José Central"},
  {"nombre":	"San José Norte"},
  {"nombre":	"San José Oeste"},
  {"nombre":	"Santa Cruz"},
  {"nombre":	"Sarapiquí"},
  {"nombre":	"Sulá"},
  {"nombre":	"Turrialba"},
  {"nombre":	"Las 27 direcciones regionales"} 
]